<deegreeWFS
  xmlns="http://www.deegree.org/services/wfs"
  xmlns:xsi="http://www.w3.org/2001/XMLSchema-instance"
  xsi:schemaLocation="http://www.deegree.org/services/wfs
  https://schemas.deegree.org/core/3.6/services/wfs/wfs_configuration.xsd">
  
  <SupportedVersions>
    <Version>2.0.0</Version>
   </SupportedVersions>

  <SupportedRequests>
    <SupportedEncodings>kvp</SupportedEncodings>
    <GetCapabilities>
      <SupportedEncodings>xml soap</SupportedEncodings>
    </GetCapabilities>
    <DescribeFeatureType/>
    <GetFeature>
      <SupportedEncodings>xml</SupportedEncodings>
    </GetFeature>
  </SupportedRequests>

  <FeatureStoreId>jiezhuang</FeatureStoreId>

  <EnableTransactions idGen="UseExisting">true</EnableTransactions>
  <EnableResponseBuffering>false</EnableResponseBuffering>

  <QueryCRS>urn:ogc:def:crs:EPSG::4326</QueryCRS>
  <QueryMaxFeatures>-1</QueryMaxFeatures>
  <QueryCheckAreaOfUse>false</QueryCheckAreaOfUse>

  <GeoJSONFormat>
    <MimeType>application/geo+json</MimeType>
  </GeoJSONFormat>
  
  <GMLFormat gmlVersion="GML_32">
    <MimeType>application/gml+xml; version=3.2</MimeType>
    <MimeType>text/xml; subtype=gml/3.2.1</MimeType>
    <GenerateBoundedByForFeatures>false</GenerateBoundedByForFeatures>
    <GetFeatureResponse xmlns:gml="http://www.opengis.net/gml/3.2">
      <ContainerElement>gml:FeatureCollection</ContainerElement>
      <FeatureMemberElement>gml:featureMember</FeatureMemberElement>
      <AdditionalSchemaLocation>http://www.opengis.net/gml/3.2 http://schemas.opengis.net/gml/3.2.1/deprecatedTypes.xsd
      </AdditionalSchemaLocation>
      <DisableStreaming>false</DisableStreaming>
      <PrebindNamespace prefix="ad" uri="urn:x-inspire:specification:gmlas:Addresses:3.0"/>
      <PrebindNamespace prefix="base" uri="urn:x-inspire:specification:gmlas:BaseTypes:3.2"/>
      <PrebindNamespace prefix="xlink" uri="http://www.w3.org/1999/xlink"/>      
    </GetFeatureResponse>
  </GMLFormat>

</deegreeWFS>
